{"cameraMode":{"drawMode":0,"name":"Shaded","section":"Shading Mode"},"sceneLighting":true,"audioPlay":false,"sceneViewState":{"showFog":true,"showMaterialUpdate":false,"showSkybox":true,"showFlares":true,"showImageEffects":true,"showParticleSystems":true},"in2DMode":false,"pivot":{"x":-7.804696083068848,"y":1.0570659637451172,"z":-8.550003051757813},"rotation":{"x":0.21162500977516175,"y":-0.5014157295227051,"z":0.12797138094902039,"w":0.8291262984275818},"size":30.02066421508789,"orthographic":true}