{"cameraMode":{"drawMode":0,"name":"Shaded","section":"Shading Mode"},"sceneLighting":true,"audioPlay":false,"sceneViewState":{"showFog":true,"showMaterialUpdate":false,"showSkybox":true,"showFlares":true,"showImageEffects":true,"showParticleSystems":true},"in2DMode":false,"pivot":{"x":8.136186599731446,"y":-0.41528892517089846,"z":-13.751514434814454},"rotation":{"x":-0.06028192117810249,"y":0.9373807907104492,"z":-0.20598727464675904,"w":-0.2743234634399414},"size":12.269450187683106,"orthographic":false}