{"cameraMode":{"drawMode":0,"name":"Shaded","section":"Shading Mode"},"sceneLighting":true,"audioPlay":false,"sceneViewState":{"showFog":true,"showMaterialUpdate":false,"showSkybox":true,"showFlares":true,"showImageEffects":true,"showParticleSystems":true},"in2DMode":false,"pivot":{"x":-0.028499603271484376,"y":0.19744110107421876,"z":-0.44670677185058596},"rotation":{"x":-0.10301213711500168,"y":0.8538231253623962,"z":-0.18494217097759248,"w":-0.4755766987800598},"size":31.411115646362306,"orthographic":false}